{
  "version": "2.0.0",
  "type": "logistic_regression",
  "trainedAt": "2026-02-16T06:48:27.960Z",
  "trainingExamples": 689,
  "weights": {
    "__BIAS__": 1.2138289650261198,
    "badgeAvgTimeGap": -0.09305490058335708,
    "badgeClusterCount": 1.3885824977770485,
    "badgeCount": -0.6320678744778279,
    "badgeTimeVariance": 0.1765976248145078,
    "followerCount": -0.02534597911667981,
    "followingCount": -0.17456842213287285,
    "friendCount": -0.641785743238573,
    "gamePassCount": -1.3811177162677457,
    "gamePassTotalSpent": -0.14795854737009567,
    "groupBaseRankCount": -0.6098574043745818,
    "groupCount": -1.5547753604811505,
    "inv_Accessory": 0.030070142165871696,
    "inv_Face": -0.5860858380214585,
    "inv_Gear": -0.07391410740407092,
    "inv_Hair": -0.03865964088111265,
    "inv_Hat": -0.30186911543842493,
    "inv_Pants": -0.45600294537365227,
    "inv_Shirt": -0.34582168079870834,
    "rankedGroupCount": -3.031759748806465,
    "suspiciousBadgeCount": 0.6062858133454361,
    "totalItems": -0.837806573933008
  },
  "normalization": {
    "features": [
      "badgeAvgTimeGap",
      "badgeClusterCount",
      "badgeCount",
      "badgeTimeVariance",
      "followerCount",
      "followingCount",
      "friendCount",
      "gamePassCount",
      "gamePassTotalSpent",
      "groupBaseRankCount",
      "groupCount",
      "inv_Accessory",
      "inv_Face",
      "inv_Gear",
      "inv_Hair",
      "inv_Hat",
      "inv_Pants",
      "inv_Shirt",
      "rankedGroupCount",
      "suspiciousBadgeCount",
      "totalItems"
    ],
    "min": [
      0,
      0,
      0,
      0,
      0,
      0,
      0,
      0,
      0,
      0,
      0,
      0,
      1,
      0,
      0,
      0,
      1,
      1,
      0,
      0,
      18
    ],
    "max": [
      15983611.6,
      114,
      10000,
      21306117.76525778,
      197182,
      2017,
      848,
      649,
      1493179958,
      103,
      110,
      0,
      78,
      321,
      0,
      1045,
      740,
      1230,
      90,
      18,
      3723
    ]
  },
  "stats": {
    "altExamples": 269,
    "realExamples": 420,
    "meanFeaturesAlt": {
      "badgeCount": 711.9516728624535,
      "suspiciousBadgeCount": 2.0148698884758365,
      "badgeAvgTimeGap": 698138.8606104956,
      "badgeTimeVariance": 2234596.502088642,
      "badgeClusterCount": 5.330855018587361,
      "totalItems": 202.8624535315985,
      "inv_Hat": 18.54646840148699,
      "inv_Hair": 0,
      "inv_Face": 6.869888475836431,
      "inv_Shirt": 19.57992565055762,
      "inv_Pants": 15.721189591078067,
      "inv_Accessory": 0,
      "inv_Gear": 0.8661710037174721,
      "gamePassCount": 22.557620817843866,
      "gamePassTotalSpent": 1124514.9107806692,
      "groupCount": 34.21933085501859,
      "groupBaseRankCount": 28.353159851301115,
      "rankedGroupCount": 5.866171003717472,
      "friendCount": 60.10780669144982,
      "followerCount": 44.066914498141266,
      "followingCount": 10.178438661710038
    },
    "meanFeaturesReal": {
      "badgeCount": 2006.5809523809523,
      "suspiciousBadgeCount": 4.928571428571429,
      "badgeAvgTimeGap": 149381.44994349167,
      "badgeTimeVariance": 656120.4214828232,
      "badgeClusterCount": 11.938095238095238,
      "totalItems": 631.1166666666667,
      "inv_Hat": 63.733333333333334,
      "inv_Hair": 0,
      "inv_Face": 14.785714285714286,
      "inv_Shirt": 72.51190476190476,
      "inv_Pants": 53.6,
      "inv_Accessory": 0,
      "inv_Gear": 4.428571428571429,
      "gamePassCount": 98.7547619047619,
      "gamePassTotalSpent": 14625345.128571428,
      "groupCount": 73.16904761904762,
      "groupBaseRankCount": 54.68571428571428,
      "rankedGroupCount": 18.483333333333334,
      "friendCount": 140.72380952380954,
      "followerCount": 1012.8119047619048,
      "followingCount": 44.107142857142854
    }
  },
  "labelDistribution": {
    "REAL": 293,
    "LIKELY_REAL": 127,
    "LIKELY_ALT": 100,
    "ALT": 169
  }
}