{
  "version": "2.0.0",
  "type": "logistic_regression",
  "trainedAt": "2026-02-16T04:21:23.029Z",
  "trainingExamples": 689,
  "weights": {
    "__BIAS__": 1.1718355004985448,
    "badgeAvgTimeGap": 0.4031201205391758,
    "badgeClusterCount": -0.11720406088794236,
    "badgeCount": -0.703420287515796,
    "badgeTimeVariance": 0.9455201128400988,
    "followerCount": -0.002070223264285077,
    "followingCount": -0.14430736588672127,
    "friendCount": -0.7168483910305756,
    "gamePassCount": -0.7577548685447851,
    "gamePassTotalSpent": -0.044552149849095876,
    "groupBaseRankCount": -0.5711868666673372,
    "groupCount": -1.5668542467768207,
    "inv_Accessory": -0.006457194714262449,
    "inv_Face": -0.6489335982770117,
    "inv_Gear": -0.10852066512108556,
    "inv_Hair": 0.042045593416062246,
    "inv_Hat": -0.3010364060887937,
    "inv_Pants": -0.4977889942735124,
    "inv_Shirt": -0.40928574052069455,
    "suspiciousBadgeCount": -0.9189402208679104,
    "totalItems": -0.8417235377465342
  },
  "normalization": {
    "features": [
      "badgeAvgTimeGap",
      "badgeClusterCount",
      "badgeCount",
      "badgeTimeVariance",
      "followerCount",
      "followingCount",
      "friendCount",
      "gamePassCount",
      "gamePassTotalSpent",
      "groupBaseRankCount",
      "groupCount",
      "inv_Accessory",
      "inv_Face",
      "inv_Gear",
      "inv_Hair",
      "inv_Hat",
      "inv_Pants",
      "inv_Shirt",
      "suspiciousBadgeCount",
      "totalItems"
    ],
    "min": [
      0,
      0,
      0,
      0,
      0,
      0,
      0,
      0,
      0,
      0,
      0,
      0,
      1,
      0,
      0,
      0,
      1,
      1,
      0,
      18
    ],
    "max": [
      15983611.6,
      114,
      10000,
      21306117.76525778,
      197182,
      2017,
      848,
      822,
      1493179958,
      103,
      110,
      0,
      78,
      321,
      0,
      1045,
      740,
      1230,
      18,
      3723
    ]
  },
  "stats": {
    "altExamples": 269,
    "realExamples": 420,
    "meanFeaturesAlt": {
      "badgeCount": 711.9516728624535,
      "suspiciousBadgeCount": 2.0148698884758365,
      "badgeAvgTimeGap": 698138.8606104956,
      "badgeTimeVariance": 2234596.502088642,
      "badgeClusterCount": 5.330855018587361,
      "totalItems": 202.8624535315985,
      "inv_Hat": 18.54646840148699,
      "inv_Hair": 0,
      "inv_Face": 6.869888475836431,
      "inv_Shirt": 19.57992565055762,
      "inv_Pants": 15.721189591078067,
      "inv_Accessory": 0,
      "inv_Gear": 0.8661710037174721,
      "gamePassCount": 25.096654275092938,
      "gamePassTotalSpent": 1565447.066914498,
      "groupCount": 34.237918215613384,
      "groupBaseRankCount": 28.360594795539033,
      "friendCount": 60.10780669144982,
      "followerCount": 44.066914498141266,
      "followingCount": 10.178438661710038
    },
    "meanFeaturesReal": {
      "badgeCount": 2006.5714285714287,
      "suspiciousBadgeCount": 4.928571428571429,
      "badgeAvgTimeGap": 149379.37445456232,
      "badgeTimeVariance": 656118.7343537976,
      "badgeClusterCount": 11.938095238095238,
      "totalItems": 631.0785714285714,
      "inv_Hat": 63.733333333333334,
      "inv_Hair": 0,
      "inv_Face": 14.785714285714286,
      "inv_Shirt": 72.50952380952381,
      "inv_Pants": 53.59761904761905,
      "inv_Accessory": 0,
      "inv_Gear": 4.428571428571429,
      "gamePassCount": 99.6595238095238,
      "gamePassTotalSpent": 14624803.345238095,
      "groupCount": 73.16904761904762,
      "groupBaseRankCount": 54.68333333333333,
      "friendCount": 140.7047619047619,
      "followerCount": 1012.8119047619048,
      "followingCount": 44.107142857142854
    }
  },
  "labelDistribution": {
    "REAL": 293,
    "LIKELY_REAL": 127,
    "LIKELY_ALT": 100,
    "ALT": 169
  }
}